id,title,date_time,Date,Time,neg,neu,pos,compound
4044828,Inflation and consumer trends might still negatively impact the market in 2024 - analyst,2023-12-08 13:09:42-05:00,2023-12-08,13:09:42,0.0,1.0,0.0,0.0
4044447,"Cyclical value and small caps are set to outperform, according to Stifel’s 6-month outlook",2023-12-07 12:56:15-05:00,2023-12-07,12:56:15,0.0,0.844,0.156,0.34
4044446,Indian automakers do not want Tesla to catch a break on import taxes,2023-12-07 12:48:37-05:00,2023-12-07,12:48:37,0.1,0.9,0.0,-0.0572
4044158,Elon Musk's artificial intelligence startup xAI: A timeline of notable events,2023-12-06 18:55:34-05:00,2023-12-06,18:55:34,0.0,0.744,0.256,0.4767
4043989,"Electric vehicle, boating and RV stocks could benefit as high-interest rate worries fade",2023-12-06 12:24:59-05:00,2023-12-06,12:24:59,0.167,0.655,0.179,0.0516
4043976,30 Stocks shunned by hedge and mutual funds - GS,2023-12-06 11:38:31-05:00,2023-12-06,11:38:31,0.0,1.0,0.0,0.0
4043955,"Top stocks with highest hedge fund + mutual fund positions, according to GS",2023-12-06 11:15:12-05:00,2023-12-06,11:15:12,0.0,0.859,0.141,0.2023
4043905,Elon Musk denies xAI is raising money 'right now',2023-12-06 10:04:55-05:00,2023-12-06,10:04:55,0.259,0.741,0.0,-0.4215
4043574,Elon Musk's xAI startup files to raise up to $1B in equity offering,2023-12-05 15:50:04-05:00,2023-12-05,15:50:04,0.0,1.0,0.0,0.0
4043413,"Goldman Sachs: Top 30 mutual fund underweight holdings, including Apple and Tesla",2023-12-05 09:54:36-05:00,2023-12-05,09:54:36,0.0,0.859,0.141,0.2023
4043319,Tesla faces sympathy strike actions in Denmark,2023-12-05 07:01:08-05:00,2023-12-05,07:01:08,0.167,0.556,0.278,0.25
4042708,"Tesla's China-made EV sales surged 14% M/M, but fell 18% Y/Y",2023-12-04 06:53:50-05:00,2023-12-04,06:53:50,0.0,1.0,0.0,0.0
4042161,Tesla's Cybertruck launch has analysts buzzing over the master plan,2023-12-01 07:47:09-05:00,2023-12-01,07:47:09,0.0,1.0,0.0,0.0
4041978,Tesla delivers first Cybertrucks as it looks to shake up the electric truck segment,2023-11-30 15:46:02-05:00,2023-11-30,15:46:02,0.116,0.884,0.0,-0.1779
4041690,Meme stocks are gaining traction,2023-11-30 08:19:34-05:00,2023-11-30,08:19:34,0.0,0.588,0.412,0.4215
4041459,"The UAW goes electric with unionization efforts aimed at Tesla, Rivian and Lucid",2023-11-29 15:45:51-05:00,2023-11-29,15:45:51,0.0,1.0,0.0,0.0
4041200,Biden EV rule will impact qualifications for subsidies - report,2023-11-29 11:40:01-05:00,2023-11-29,11:40:01,0.0,1.0,0.0,0.0
4041211,What’s behind Fred Hickey’s put on Broadcom,2023-11-29 10:46:53-05:00,2023-11-29,10:46:53,0.0,1.0,0.0,0.0
4041208,Consumer Reports names the best and worst auto brands for reliability,2023-11-29 10:39:59-05:00,2023-11-29,10:39:59,0.237,0.52,0.243,0.0258
4041114,Jabil plunges on guidance cut; Stifel says buy on weakness,2023-11-29 08:41:13-05:00,2023-11-29,08:41:13,0.38,0.62,0.0,-0.5994
4040851,S&P 500’s biggest names will continue to dominate the market in 2024 – strategist,2023-11-28 13:28:45-05:00,2023-11-28,13:28:45,0.111,0.889,0.0,-0.128
4040812,Tesla's Cybertruck is finally here - will the launch create a halo effect?,2023-11-28 12:31:03-05:00,2023-11-28,12:31:03,0.0,0.826,0.174,0.2732
4040481,EV jolt: Bernstein says BYD should be much closer in valuation to Tesla,2023-11-27 13:25:21-05:00,2023-11-27,13:25:21,0.0,1.0,0.0,0.0
4040273,Tesla sues Swedish government agency over strike impact,2023-11-27 08:07:20-05:00,2023-11-27,08:07:20,0.176,0.824,0.0,-0.128
4040167,Tesla's union problems in Sweden include trash piling up and no mail service,2023-11-25 10:30:39-05:00,2023-11-25,10:30:39,0.308,0.692,0.0,-0.5994
4040118,Top equities with the largest retail order imbalance – JPM strategy,2023-11-24 11:33:13-05:00,2023-11-24,11:33:13,0.0,0.833,0.167,0.2023
4040061,Four key calls for U.S. equities in 2024 – strategists,2023-11-24 09:26:44-05:00,2023-11-24,09:26:44,0.0,1.0,0.0,0.0
4040020,Tesla's plans for India appear to be heating up,2023-11-24 08:25:00-05:00,2023-11-24,08:25:00,0.0,1.0,0.0,0.0
4039712,"Top gainers and laggards in S&P, DJI, and NDX on Wednesday",2023-11-22 13:33:43-05:00,2023-11-22,13:33:43,0.0,0.847,0.153,0.2023
4039652,Congressmen ask SEC to probe Elon Musk over Neuralink comments: report,2023-11-22 10:52:42-05:00,2023-11-22,10:52:42,0.0,1.0,0.0,0.0
4039595,Increased market concentration doesn’t necessarily mean market stress - RBC Capital Markets,2023-11-22 09:35:26-05:00,2023-11-22,09:35:26,0.201,0.647,0.151,-0.1779
4039405,"Elon Musk, Tesla engineers were aware of Autopilot defect - judge",2023-11-22 03:55:59-05:00,2023-11-22,03:55:59,0.211,0.789,0.0,-0.34
4038558,Magnificent 7 account for nearly a fifth of global stock market influence,2023-11-20 08:41:11-05:00,2023-11-20,08:41:11,0.0,0.698,0.302,0.5994
4038416,Tesla investors warn the brand may have an Elon Musk problem,2023-11-18 09:07:15-05:00,2023-11-18,09:07:15,0.313,0.687,0.0,-0.4767
4038407,Short seller Jim Chanos closing down hedge funds - report,2023-11-17 17:54:40-05:00,2023-11-17,17:54:40,0.0,1.0,0.0,0.0
4038149,The 12 least expected market outcomes of '24 - and how to trade them,2023-11-17 08:31:54-05:00,2023-11-17,08:31:54,0.0,1.0,0.0,0.0
4037293,Goldman Sachs channels Taylor Swift for its 2024 stock market forecast,2023-11-15 16:48:58-05:00,2023-11-15,16:48:58,0.0,0.847,0.153,0.2023
4037247,"Coatue Management trims stakes in five Magnificent 7 members, adds Palantir, Shopify",2023-11-15 15:54:50-05:00,2023-11-15,15:54:50,0.0,0.719,0.281,0.5994
4037000,"Investing in quality, growth and beaten-down cyclicals is the key to 2024’s S&P 500",2023-11-15 09:44:56-05:00,2023-11-15,09:44:56,0.0,0.833,0.167,0.3818
4036783,"China reset? Big business, Biden set to meet with Xi Jinping",2023-11-15 04:41:40-05:00,2023-11-15,04:41:40,0.0,1.0,0.0,0.0
4036655,"Corvex Management adds Endeavor Group, exits Catalent",2023-11-14 16:54:25-05:00,2023-11-14,16:54:25,0.0,1.0,0.0,0.0
4035795,APEC summit could be beneficial for US-China trade,2023-11-13 15:24:46-05:00,2023-11-13,15:24:46,0.0,0.707,0.293,0.4404
4035717,EG Group inks deal to use Tesla's ulta-fast chargers across Europe,2023-11-13 13:18:43-05:00,2023-11-13,13:18:43,0.0,1.0,0.0,0.0
4035275,"Exxon was most shorted S&P 500 stock last month, topping Tesla - BI",2023-11-11 20:30:00-05:00,2023-11-11,20:30:00,0.0,1.0,0.0,0.0
4034914,A Magnificent 7 stock crash would be one for the history books,2023-11-10 08:30:07-05:00,2023-11-10,08:30:07,0.185,0.548,0.267,0.296
4034636,Tesla swings lower amid some concerns on the Chinese economy,2023-11-09 17:29:41-05:00,2023-11-09,17:29:41,0.196,0.804,0.0,-0.296
4034355,"Unionization pushes at Tesla, Toyota and Volkswagen could be on tap even if the odds are long",2023-11-09 13:59:55-05:00,2023-11-09,13:59:55,0.0,1.0,0.0,0.0
4034131,Big tech stocks should continue to perform better than the whole S&P 500 into 2024,2023-11-09 10:15:05-05:00,2023-11-09,10:15:05,0.0,0.828,0.172,0.4404
4033956,Magnificent 7 stock ownership hits 'critical mass',2023-11-09 08:09:06-05:00,2023-11-09,08:09:06,0.225,0.392,0.382,0.3818
4033906,"Tesla is tagged with a bear rating by HSBC due to risks around Elon Musk, late timelines",2023-11-09 07:20:18-05:00,2023-11-09,07:20:18,0.123,0.877,0.0,-0.2732
4032805,China auto sales soar in October off strong electric vehicle demand,2023-11-08 07:40:23-05:00,2023-11-08,07:40:23,0.109,0.652,0.239,0.4215
4032134,Elon Musk says Neuralink's vision chip will be ready in a few years,2023-11-07 13:23:05-05:00,2023-11-07,13:23:05,0.0,0.69,0.31,0.5423
4032085,Automakers are not making affordable EVs anytime soon,2023-11-07 12:43:07-05:00,2023-11-07,12:43:07,0.0,1.0,0.0,0.0
4031632,Tesla plans to raise Model Y prices in China,2023-11-07 07:07:19-05:00,2023-11-07,07:07:19,0.0,1.0,0.0,0.0
4031197,Small caps could see a bounce next year,2023-11-06 13:49:18-05:00,2023-11-06,13:49:18,0.0,1.0,0.0,0.0
4030798,Tesla gains on report it may produce a €25K electric vehicle out of Germany,2023-11-06 06:53:37-05:00,2023-11-06,06:53:37,0.0,0.833,0.167,0.34
4030706,Electric vehicle stocks have lost their buzz - stunning partnerships could be the new plan,,,,0.136,0.71,0.154,0.0772
4030498,Union pressure and higher auto wages - it's not just a Detroit issue,,,,0.18,0.82,0.0,-0.296
4029947,Elon Musk warns AI will make all jobs obsolete at some point,,,,0.265,0.735,0.0,-0.3818
4029461,Elon Musk says Starlink service hits 'breakeven cash flow' ahead of possible IPO,,,,0.0,1.0,0.0,0.0
4027954,Subaru to use Tesla charging standard for North American EVs,,,,0.0,1.0,0.0,0.0
4027852,Cathie Wood’s ARKK suffers outflows for the third consecutive month in October,,,,0.22,0.78,0.0,-0.4767
4027533,"Tesla eyes producing 200,000 Cybertrucks annually - Elon Musk",,,,0.0,1.0,0.0,0.0
4027270,Tesla wins California autopilot crash case,,,,0.26,0.385,0.356,0.25
4027139,Wolfe Research ‘Cracks are starting to show’ for Magnificent 7,,,,0.0,0.672,0.328,0.5994
4026812,Trick or Treat: S&P 500 top and bottom YTD performers,,,,0.094,0.551,0.354,0.5106
4026474,Ford to add 3K more Tesla Superchargers to its EV charging network,,,,0.0,1.0,0.0,0.0
4026327,Tesla drags as it hits lowest intraday since May; down 4%,,,,0.323,0.677,0.0,-0.5106
4025955,Tesla raises price of Model Y SUV in China,,,,0.0,1.0,0.0,0.0
4025692,"DataTrek: Lofty valuations aren't limited to Big Tech; cites Lilly, Mastercard",,,,0.0,0.857,0.143,0.1695
4025173,A hiccup or two in the big seven won’t change the trajectory of their earnings,,,,0.0,1.0,0.0,0.0
4024945,BP to buy $100M of Tesla ultra-fast chargers to expand U.S. presence,,,,0.0,0.827,0.173,0.3182
4024211,California’s Cruise incident could have bigger ramifications for the self-driving vehicle industry.,,,,0.0,1.0,0.0,0.0
4023489,American companies will have to learn how to compete against Chinese manufacturers,,,,0.0,1.0,0.0,0.0
4022834,Tesla confirms that the DOJ is still asking questions,,,,0.0,1.0,0.0,0.0
4022689,Tesla expects capex spending to top $9B in 2023,,,,0.0,0.816,0.184,0.2023
4022685,Which 'Magnificent 7' stock should be your top portfolio holding?,,,,0.0,0.584,0.416,0.6908
4022198,Toyota works out deal with Tesla to adopt NACS charging standard,,,,0.0,0.855,0.145,0.1779
4022085,ChargePoint gives Tesla drivers a boost with NACS connectors,,,,0.0,0.722,0.278,0.4019
4022051,Electric vehicle stocks fall after Tesla earnings disappoint,,,,0.278,0.722,0.0,-0.4019
4021860,"Biggest stock movers today: AT&T, Blackstone, Tesla, Netflix, Las Vegas Sands and more",,,,0.0,1.0,0.0,0.0
4021887,Tesla falls as investors adjust to new margins realities,,,,0.927,0.073,0.0,-0.9993
4021862,Elon Musk: 'we dug our own grave' with Cybertruck; Tesla slumps,,,,0.206,0.794,0.0,-0.3818
4021836,"Chinese EV stocks drop as Tesla earnings, guidance disappoint",,,,0.407,0.593,0.0,-0.5859
4021753,Tesla in charts: Margins shrink in Q3,,,,0.0,1.0,0.0,0.0
4021740,Tesla sees margins tighten but holds the line on full-year deliveries guidance,,,,0.0,1.0,0.0,0.0
4021704,"Tesla Non-GAAP EPS of $0.66 misses by $0.07, revenue of $23.35B misses by $790M",,,,0.5,0.5,0.0,-0.9325
4021514,"5 stocks to watch on Wednesday: Tesla, Abbott Labs, P&G and more",,,,0.0,1.0,0.0,0.0
4021229,Electric truck plans keep getting delayed - does Rivian have an opening?,,,,0.16,0.84,0.0,-0.2263
4020802,"Tesla earnings preview: Eyes on deliveries guidance, margin outlook, Cybertruck update and Gigafactory plans",,,,0.0,1.0,0.0,0.0
4020868,Hennessy Funds is bullish on stocks - these in particular,,,,0.0,1.0,0.0,0.0
4020822,Companies with lower implied volume have higher potential for earnings surprise - BofA,,,,0.154,0.699,0.147,-0.0258
4020636,"Dow, S&P, and Nasdaq rise to kick off a big week of earnings",,,,0.0,1.0,0.0,0.0
4020485,"Earnings week ahead: Tesla, Bank of America, AT&T, Netflix, American Airlines and more",,,,0.0,1.0,0.0,0.0
4020477,"Catalyst watch: Tesla earnings, Jerome Powell speech, UAW drama and Baidu event",,,,0.0,1.0,0.0,0.0
4020464,Cathie Wood’s ARKK nears multi-month lows as investors retract $500M since its 2023 peak,,,,0.122,0.878,0.0,-0.2023
4020448,"As the UAW plays hardball in Detroit, will GM-Ford merger rumors get a jumpstart?",,,,0.0,0.857,0.143,0.25
4020205,Tesla announces pay raise for German plant workers amid union dispute,,,,0.313,0.687,0.0,-0.4767
4019796,Amy Wu Silverman: VIX index continues to be muted amid geopolitical conflict,,,,0.173,0.827,0.0,-0.3182
4019475,J.P. Morgan’s Stephen Parker: New highs for stocks by mid-2024,,,,0.0,1.0,0.0,0.0
4019369,Bank of England warns on U.S. tech stock valuations,,,,0.149,0.851,0.0,-0.1027
4019163,Morgan Stanley: The S&P 500 technicals take center stage in a bearish backdrop,,,,0.0,1.0,0.0,0.0
4019121,Tesla employees at German factory express concerns over working conditions,,,,0.0,1.0,0.0,0.0
4019086,Investor Movement Index slips for first time in five months,,,,0.0,1.0,0.0,0.0
4019008,Tesla headwinds include a sales deceleration in China and price cuts in the U.S.,,,,0.155,0.845,0.0,-0.296
4018870,SEC seeks to force Musk testimony on Twitter stock acquisitions,,,,0.0,1.0,0.0,0.0
4018899,"5 stocks to watch on Friday: Tesla, Veralto, Flowserve and more",,,,0.0,1.0,0.0,0.0
4018877,Tesla cuts Model 3 and Model Y prices in U.S. after missing Q3 delivery estimates,,,,0.286,0.714,0.0,-0.5267
4018781,Sigma Lithium sales process said to be going well - report,,,,0.0,0.811,0.189,0.2732
4018703,GM has 20M vehicles facing airbag problem - WSJ,,,,0.278,0.722,0.0,-0.4019
4018246,STMicroelectronics said to build new $5B silicon carbide factory in Italy,,,,0.0,1.0,0.0,0.0
4017849,Correction could be coming for mega caps - Wells Fargo,,,,0.0,0.8,0.2,0.25
4017753,"Deepwater Asset Management: A ""messy decade"" for combustion puts Tesla in prime position",,,,0.167,0.667,0.167,0.0
4017126,Tesla drives back into positive territory after full-year guidance reassures investors,,,,0.0,0.596,0.404,0.7269
4017086,Tesla reports sequential drop in deliveries due to factory downtime,,,,0.189,0.811,0.0,-0.2732
4016937,Tesla's Cybertruck long road to launch may end in Q4,,,,0.0,1.0,0.0,0.0
4016946,Tesla rolls out updated Model Y in China; starting price unchanged,,,,0.0,1.0,0.0,0.0
4016908,"Auto stocks to see some jolts with UAW drama, deliveries updates and macro worries in the mix",,,,0.149,0.851,0.0,-0.4215
4016483,Tesla and Chipotle are sued separately by the EEOC for civil rights violations,,,,0.221,0.779,0.0,-0.5267
4015719,"UAW strike update: Biden walks the picket line, Japanese auto stocks may get a boost",,,,0.093,0.741,0.167,0.296
4015694,Tesla will report Q3 deliveries next week with extra wildcards in the mix,,,,0.0,1.0,0.0,0.0
4015281,Tesla could be part of the European Union's probe into China subsidies,,,,0.0,1.0,0.0,0.0
4015189,Wolfe Research: Utilities remain the strongest bet for growth and EPS,,,,0.0,0.621,0.379,0.6705
4015096,Tesla Sell rating reiterated at Guggenheim on negative demand indicators,,,,0.394,0.606,0.0,-0.6369
4014972,"Thailand's Prime Minister expects $5B investment from Google, Microsoft, Tesla - report",,,,0.0,1.0,0.0,0.0
4014919,"Thinking of buying a used EV? Think very, very carefully",,,,0.0,0.794,0.206,0.2666
4014764,Detroit drama: Ford goes its own way in UAW battle while auto suppliers walk a tightrope,,,,0.157,0.843,0.0,-0.3818
4014596,"United Auto Workers calls for strike at 38 GM, STLA locations; progress in Ford talks",,,,0.079,0.628,0.293,0.6249
4014239,Tesla expands EV ambitions in India with proposal to make battery storage systems,,,,0.0,0.896,0.104,0.1027
4013420,Elon Musk-backed Neuralink to start human trials,,,,0.0,1.0,0.0,0.0
4013152,"Super Micro rises as Barclays starts coverage, says 'not too late' to hop on AI train",,,,0.0,0.794,0.206,0.5994
4012781,Elon Musk denies WSJ report that Tesla's in talks with Saudi Arabia for factory,,,,0.177,0.823,0.0,-0.4215
4012602,Tesla is reportedly in early talks with Saudi Arabia on electric vehicle factory,,,,0.0,1.0,0.0,0.0
4012524,Erdogan calls on Elon Musk to build Tesla factory in Turkey,,,,0.0,1.0,0.0,0.0
4012219,"Tesla set to pop the champagne as UAW strikes against Ford, GM, Stellantis",,,,0.159,0.701,0.14,-0.0772
4012140,UAW walkout: First ever simultaneous strike begins at Detroit Three,,,,0.322,0.678,0.0,-0.4215
4011737,UAW eyes targeted strikes at auto plants in first wave of labor walkout,,,,0.304,0.696,0.0,-0.5859
4011498,"Senate AI summit gathers tech leaders, power players for closed-door policy talks",,,,0.0,1.0,0.0,0.0
4010797,"Tesla, suppliers expected to invest $15B in Gigafactory Mexico - report",,,,0.0,1.0,0.0,0.0
4010624,Tesla leads the S&P 500 Index as AI premium plays in,,,,0.0,0.833,0.167,0.25
4010446,"Biggest stock movers today: Tesla, Qualcomm, J.M. Smucker and more",,,,0.0,1.0,0.0,0.0
4010435,Tesla is a top pick at Morgan Stanley with Dojo called a $500B wildcard,,,,0.0,0.859,0.141,0.2023
4010342,"Catalyst Watch: Arm IPO, Apple event, and Senate AI Forum with Musk, Zuckerberg, and Gates",,,,0.0,1.0,0.0,0.0
4010199,Chinese car sales hit record for August; Tesla deliveries up,,,,0.0,1.0,0.0,0.0
4009536,Crypto firms said to win fair-value accounting method,,,,0.0,0.648,0.352,0.5859
4009463,"Tesla, Rivian and other EV pure plays look for an edge while Detroit automakers face crippling strike",,,,0.081,0.811,0.108,0.128
4009251,Why did Tesla stock go up today? Look East,,,,0.0,1.0,0.0,0.0
4008839,Tesla's China-made EV sales surge in August,,,,0.0,1.0,0.0,0.0
4008304,Tesla cuts prices in China yet again; Introduces a new Model 3 with longer range,,,,0.155,0.845,0.0,-0.296
4007682,Tesla under DOJ investigation for building Musk a glass castle,,,,0.0,1.0,0.0,0.0
4007484,Detroit auto giants face tough labor decisions while Tesla cruises ahead,,,,0.13,0.87,0.0,-0.128
4007308,JOLTS shows megacaps are still mega-dependent on the Fed,,,,0.0,1.0,0.0,0.0
4007243,Tesla cruises higher even as the NHTSA pushes harder on Autopilot safety,,,,0.0,0.797,0.203,0.4215
4006637,Hedge and mutual funds rotate from tech; see the stocks they love and shun,,,,0.0,0.756,0.244,0.6369
4006576,Auto stocks are in the spotlight with potential roadblocks ahead,,,,0.0,1.0,0.0,0.0
4006311,Tesla's Supercharger business is seen growing to be a $20B revenue monster,,,,0.0,0.855,0.145,0.1779
4006142,Tesla approaches the Cybertruck rollout cautiously due to unique design,,,,0.0,1.0,0.0,0.0
4005201,Megacap stocks setting up for potential breakout - Wells Fargo,,,,0.0,0.8,0.2,0.25
4005464,Tesla dips amid report of lowered production target at German plant,,,,0.13,0.87,0.0,-0.128
4004948,Why did Tesla stock go up today? It's not China,,,,0.0,1.0,0.0,0.0
4003780,China's internet regulator tries to ease concerns of foreign firms on new data rules - report,,,,0.0,0.848,0.152,0.3612
4003706,Tesla gets big Texas win with charging mandate,,,,0.0,0.648,0.352,0.5859
4003164,"Coatue Management takes new stake in Oracle, exits GameStop, trims Tesla, adds to Amazon",,,,0.0,0.884,0.116,0.1779
4002831,Electric vehicle sticker shock: Tesla introduces cheaper versions of the Model S and Model X,,,,0.178,0.822,0.0,-0.3818
4002705,Tesla launches cheaper Model S and X standard range versions,,,,0.0,1.0,0.0,0.0
4002612,"David Tepper's Appaloosa adds AMD, Apple, exits Walt Disney, Tesla",,,,0.0,1.0,0.0,0.0
4002084,Tesla trims prices of some Model Y versions in China,,,,0.0,1.0,0.0,0.0
4001928,Heat-pump shipments slump as households await tax rebates,,,,0.0,0.833,0.167,0.1027
4001622,"Elon Musk, Mark Zuckerberg fight to take place in 'epic location' of Italy (update)",,,,0.167,0.833,0.0,-0.3818
4001571,"Big expansion for Cruise, Waymo driverless vehicles in San Francisco",,,,0.0,1.0,0.0,0.0
3999208,"Uber Crowded, Battleground and Sweet 16 stock portfolios from Jefferies",,,,0.213,0.572,0.215,0.0056
3999071,"Tesla's CFO departure doesn't mean run for the hills; China deliveries, on the other hand...",,,,0.0,1.0,0.0,0.0
3998301,Elon Musk's Neuralink raises $280M in Series D funding,,,,0.0,1.0,0.0,0.0
3998152,Tesla CFO steps down after 13 years at the company; shares fall,,,,0.0,0.833,0.167,0.296
3997979,Lucid Group cuts Air sedan prices in limited time offer amid weak demand,,,,0.486,0.514,0.0,-0.7579
3996558,"4 stocks to watch on Thursday: Tesla, Occidental Petroleum and more",,,,0.0,1.0,0.0,0.0
3996500,Tesla's China deliveries fell to a 2023 low in July,,,,0.208,0.792,0.0,-0.2732
3993255,"Stick to U.S. stocks that offer experience over hope, Goldman says",,,,0.0,0.775,0.225,0.4404
3994520,Tesla faces an NHTSA probe over steering control issue,,,,0.0,1.0,0.0,0.0
3994214,"Rivian Automotive skids lower after Cantor Fitzgerald warns on valuation, EV truck competition",,,,0.247,0.753,0.0,-0.3818
3993963,"Foxconn EV unit sees India, Thailand as targets for new small car - report",,,,0.0,1.0,0.0,0.0
3993593,Exxon in talks with automakers to supply lithium; Albemarle jumps,,,,0.0,1.0,0.0,0.0
3993440,Tesla trades lower as EV auto prices to drop in Hong Kong,,,,0.301,0.699,0.0,-0.5106
3992967,Sigma Lithium jumps following reported M&A speculation,,,,0.0,1.0,0.0,0.0
3991691,Tesla is being investigated by California on autopilot safety issues,,,,0.0,0.763,0.237,0.4215
3990516,"Mobileye deserves place in AI portfolios, Morgan Stanley says",,,,0.0,1.0,0.0,0.0
3989975,Tesla slips after UBS downshifts to a Neutral rating on the EV stock,,,,0.0,1.0,0.0,0.0
3989623,BofA: Movement in S&P 500 has broadened out after Big Tech-led rally early in the year,,,,0.0,1.0,0.0,0.0
3989395,Tesla skids 10% after earnings disappoint; other EV stocks go in reverse,,,,0.197,0.803,0.0,-0.4019
3989208,Inside Tesla: All eyes on the margin line,,,,0.0,1.0,0.0,0.0
3989180,"4 stocks to watch on Thursday: Tesla, Johnson & Johnson and more",,,,0.0,1.0,0.0,0.0
3988996,Tesla discloses talks to license full self-driving software to other automakers,,,,0.0,1.0,0.0,0.0
3988936,"Tesla tracks higher after investors size up margin crunch, deliveries update",,,,0.0,1.0,0.0,0.0
3988902,"Tesla Non-GAAP EPS of $0.91 beats by $0.09, revenue of $24.93B beats by $200M",,,,0.0,0.5,0.5,0.9325
3988789,Electric vehicle jolts: Stocks that have scorched shorts this year vs. the short winners,,,,0.0,0.807,0.193,0.4767
3988477,"Tesla earnings preview: EV sector buckles up for pricing, margin and new model developments",,,,0.0,1.0,0.0,0.0
3988297,Samsung said to make Tesla's next-gen self-driving chips,,,,0.0,1.0,0.0,0.0
3988060,Elizabeth Warren calls on SEC to investigate Tesla for corporate governance issues,,,,0.0,1.0,0.0,0.0
3987914,"U.S. to help India speed up energy transition, says Janet Yellen",,,,0.0,0.652,0.348,0.5859
3987921,"As earnings season kicks into gear, can the stock market defend its rally?",,,,0.0,1.0,0.0,0.0
3987864,Tesla enters the electric truck battle after first Cybertruck rolls off the production line,,,,0.167,0.833,0.0,-0.3818
3987483,"Earnings week ahead: Tesla, Netflix, Johnson & Johnson, Bank of America and more",,,,0.0,1.0,0.0,0.0
3987608,China's BYD plans $1B joint venture to make EVs in India - report,,,,0.0,1.0,0.0,0.0
3987358,Tesla eyes producing 500K vehicles a year locally in India,,,,0.0,1.0,0.0,0.0
3987120,Elon Musk unveils xAI to 'understand reality' and 'true nature of universe',,,,0.0,0.797,0.203,0.4215
3986851,China auto sales cool off in June but end the first half of the year up 10%,,,,0.0,0.907,0.093,0.1655
3986698,Wells Fargo highlights Nasdaq 100 rebalance trade opportunities,,,,0.0,0.566,0.434,0.5574
3986674,Nasdaq 100 set for special rebalance amid 'Magnificent Seven' domination,,,,0.081,0.473,0.446,0.7506
3986537,Investor Movement Index continues climb in June amid market rally,,,,0.0,1.0,0.0,0.0
3986121,Tesla sacks some battery workers at Shanghai factory - report,,,,0.0,1.0,0.0,0.0
3986002,Austin is becoming ground zero for autonomous driving tests,,,,0.0,1.0,0.0,0.0
3985021,"Paycom, Chipotle highlight Goldman's Rule of 10 stock screens",,,,0.0,0.769,0.231,0.34
3985174,"BYD launches Denza N7 SUV, a potential rival to Tesla's Model Y",,,,0.0,1.0,0.0,0.0
3984991,Elon Musk may face off with Mark Zuckerberg in ring as soon as August - reports,,,,0.0,1.0,0.0,0.0
3984854,"Biggest stock movers today: Tesla, AstraZeneca, Netlist and more",,,,0.0,1.0,0.0,0.0
3984949,"4 stocks to watch on Monday: Tesla, Apple and more",,,,0.0,1.0,0.0,0.0
3984914,Panasonic requires 4 more EV battery factories to bolster capacity- report,,,,0.0,1.0,0.0,0.0
3984899,Tesla rips big gain after deliveries report dazzles; EV peers move higher as well,,,,0.0,0.686,0.314,0.6705
3984833,"Tesla confirms new record deliveries, beats expectations",,,,0.0,0.5,0.5,0.7906
3984410,Tesla could report record Q2 deliveries - will shares get a jolt?,,,,0.0,0.804,0.196,0.296
3983883,EV charging ports in the U.S. expected to grow fourfold by 2027 - Wood Mackenzie,,,,0.0,1.0,0.0,0.0
3983298,Industry standards body SAE to adopt Tesla's charging connector system,,,,0.0,0.841,0.159,0.1779
3982976,Why did Tesla stock slip today? Another Wall Street firm pulled its bull rating (updated),,,,0.0,1.0,0.0,0.0
3982931,Auto investors strap in ahead of big week of deliveries and sales reports,,,,0.0,1.0,0.0,0.0
3982675,Tesla is downgraded at Goldman Sachs as Wall Street continues to dial up caution on the EV stock,,,,0.0,1.0,0.0,0.0
3982423,Tesla holder Ron Baron sees stock hitting $500 in 2025,,,,0.0,1.0,0.0,0.0
3982272,Lithium supplies may not be enough to meet EV demand - report,,,,0.13,0.87,0.0,-0.128
3981860,Tesla loses bull rating at Morgan Stanley with AI premium seen at risk,,,,0.286,0.714,0.0,-0.5267
3981854,Elon Musk may have cage match with Mark Zuckerberg in battle of tech CEOs,,,,0.167,0.833,0.0,-0.3818
3981796,"U.S., India expected to deepen economic ties during Modi visit",,,,0.0,1.0,0.0,0.0
3981645,Talon Metals seeks regulatory OK for proposed Minnesota nickel mine,,,,0.0,0.754,0.246,0.4466
3981326,Tesla is downgraded at Barclays ahead of Q2 earnings,,,,0.0,1.0,0.0,0.0
3981244,More big wins for Tesla: Charging standards and EV subsidies,,,,0.0,0.693,0.307,0.6096
3981014,China is holding back on stimulus - watch these stocks,,,,0.0,1.0,0.0,0.0
3980137,Putting a number to Tesla's new Supercharger-for-all business,,,,0.0,0.822,0.178,0.0772
3980049,XPeng rolls out assisted driving tech in Beijing,,,,0.0,1.0,0.0,0.0
3979889,Tesla looks to notch record 14th straight gain,,,,0.0,0.531,0.469,0.6486
3979760,Electric vehicles can take a victory lap with ICE dominance in the rear-view mirror,,,,0.0,0.87,0.13,0.2023
3979728,"Oil demand to slow sharply by 2028, putting peak in sight - IEA",,,,0.12,0.88,0.0,-0.128
3979727,Nvidia crosses $1T market cap powered by the rise of AI,,,,0.0,1.0,0.0,0.0
3979308,Deeper Dive: Investor exodus from ESG investing,,,,0.0,1.0,0.0,0.0
3979186,Wallbox rallies after supporting Tesla's NACS electric vehicle charging standard,,,,0.0,0.756,0.244,0.4404
3979121,Electric vehicle stocks are sized up after Tesla Supercharger disruption,,,,0.217,0.783,0.0,-0.3612
3978983,"Hot Stocks: GLW, ADBE rise on analyst upgrades; TSLA gains on deal with GM; QS, MTN fall",,,,0.0,0.87,0.13,0.34
3978904,Tesla rips a big gain with analysts highlighting Supercharger revenue potential,,,,0.0,0.726,0.274,0.5267
3978888,Electric vehicle charging stocks fall after GM-Tesla collaboration sends a jolt,,,,0.0,1.0,0.0,0.0
3978803,EVs made by General Motors will be able to use Tesla's Supercharger network,,,,0.0,1.0,0.0,0.0
3978767,Tesla rallies again as Spain joins the Gigafactory target list,,,,0.0,1.0,0.0,0.0
3978367,Tesla hits 2023 high as winning streak extends,,,,0.0,0.55,0.45,0.5994
3978207,Defiance ETFs looks to launch new ETF with narrow focus on electric vehicles,,,,0.0,1.0,0.0,0.0
3977826,Panasonic aims to boost battery production at Tesla's Nevada Gigafactory,,,,0.0,0.769,0.231,0.4019
3977506,Tesla's China-made EV sales rose 2.44% M/M in May - CPCA,,,,0.0,1.0,0.0,0.0
3977176,"Hot Stocks: ZS rises on earnings; S down on analyst downgrade; DD, CC, CTVA and TSLA gain",,,,0.0,0.815,0.185,0.5267
3976471,"Elon Musk reclaims world's richest man title, overtakes Louis Vuitton's Arnault",,,,0.0,0.746,0.254,0.5267
3976100,Tesla's Elon Musk continues tour in China: What's at stake?,,,,0.0,1.0,0.0,0.0
3975913,"Nvidia, Qualcomm higher, but chips mixed as debt ceiling prospects weigh",,,,0.216,0.598,0.186,-0.1154
3975810,Ark Invest says Tesla's Cybertruck could be as mainstream as the firm's Model Y,,,,0.0,1.0,0.0,0.0
3975755,Bear ETF tied to Tesla will be liquidated,,,,0.0,1.0,0.0,0.0
3975744,Tesla's Elon Musk meets with Chinese government officials in Beijing,,,,0.0,1.0,0.0,0.0
3975338,Elon Musk's Neuralink gets FDA nod to start human trial of brain implant,,,,0.0,1.0,0.0,0.0
3975287,Ford works out electric charging partnership with Tesla,,,,0.0,1.0,0.0,0.0
3975200,Tesla may be under scrutiny in Europe for data privacy lapses,,,,0.0,1.0,0.0,0.0
3975031,Mobileye pops as Wells Fargo starts coverage with overweight rating,,,,0.2,0.64,0.16,-0.128
3974952,Global solar power investment to surpass oil for the first time,,,,0.0,1.0,0.0,0.0
3974118,Tesla sends Shanghai-made electric vehicles to Canada for sale,,,,0.0,1.0,0.0,0.0
3973941,"Ford looks to lower costs, tap into subscription revenue stream",,,,0.196,0.804,0.0,-0.296
3973822,"Cathie Wood’s ARKK hits new monthly high, but capital flows are not following",,,,0.0,1.0,0.0,0.0
3973629,Confusing electric vehicle tax rules may be cutting into demand in the U.S.,,,,0.329,0.671,0.0,-0.4404
3973626,Will ChatGPT prevent a recession or is AI a baby bubble?,,,,0.257,0.642,0.101,-0.4019
3973151,Tesla bulls are recharged after annual meeting,,,,0.0,1.0,0.0,0.0
3972927,Tesla proposes local plant in India in strategy shift,,,,0.0,1.0,0.0,0.0
3972781,Why did Tesla stock go up today? Investors liked the annual meeting updates,,,,0.0,0.811,0.189,0.4215
3972669,Hot Stocks: AMZN rises on new ECHO launch; ICPT falls on FDA comment; WAL leads the regional bank rally; EVGO down on equity raise; TSLA gains,,,,0.793,0.188,0.019,-0.9992
3972390,"Tesla meeting: Elon Musk talks rough economy, advertising and new models",,,,0.0,1.0,0.0,0.0
3972200,Electric vehicle jolts: What's working and not working with EV stocks,,,,0.0,1.0,0.0,0.0
3971957,Tesla eyes expansion of Shanghai Gigafactory - report,,,,0.0,1.0,0.0,0.0
3971835,"Steven Cohen's Point72 adds AT&T, Intel; exits Airbnb, Tesla",,,,0.0,1.0,0.0,0.0
3971753,"Tepper's Appaloosa adds stakes in Fedex, Tesla; boosts Uber, Amazon holdings",,,,0.0,0.677,0.323,0.5095
3971589,"Laffont's Coatue Management adds stakes in TSM, UNH and exits AVGO, BNTX",,,,0.0,1.0,0.0,0.0
3971570,Elon Musk is still bound to have Tesla tweets approved by a company attorney,,,,0.0,0.811,0.189,0.4215
3971268,Analog Devices remains Citi's top chip pick as earnings wind down,,,,0.0,0.847,0.153,0.2023
3971223,Tesla to issue software fix for more than 1.1M vehicles in China,,,,0.0,1.0,0.0,0.0
3971104,"Soros Fund Management exits Tesla, slashes Rivian stake, adds Netflix",,,,0.167,0.833,0.0,-0.2023
3970884,"Dow posts five-day losing streak, Nasdaq, S&P end lower amid inflation fears, bank jitters",,,,0.409,0.591,0.0,-0.765
3970798,"Elon Musk names Linda Yaccarino new Twitter CEO, ending speculation (updated)",,,,0.0,1.0,0.0,0.0
3970695,"Dow, S&P, and Nasdaq drift lower ahead of next week's debt ceiling meeting",,,,0.299,0.701,0.0,-0.5719
3970765,"4 stocks to watch on Friday: Tesla, News Corp. and more",,,,0.0,1.0,0.0,0.0
3970741,"Tesla gains after new price hikes, end of Twitter distraction boost sentiment",,,,0.156,0.539,0.305,0.3612
3970299,Elon Musk says he's picked a new Twitter CEO; Tesla shares jump (updated),,,,0.0,0.833,0.167,0.296
3968373,Tesla is seen having a huge advantage over EV peers through the Inflation Reduction Act,,,,0.0,0.736,0.264,0.5106
3967705,Tesla breaks ground on lithium refinery in Texas,,,,0.0,1.0,0.0,0.0
3966645,"Investor Movement Index creeps higher in April, still on 'moderate low' setting",,,,0.16,0.84,0.0,-0.2732
3966389,Tesla boosts prices in China on some Model S and Model X vehicles,,,,0.0,0.813,0.187,0.3182
3964471,Tuttle and REX Shares plan more leveraged ETFs tied to Tesla and Nvidia,,,,0.0,0.845,0.155,0.296
3963152,"Tesla increases prices in US, China, Japan and Canada - report",,,,0.0,1.0,0.0,0.0
3962012,"Mobileye tries to rebound as Wall Street defends after China, Tesla woes",,,,0.209,0.791,0.0,-0.4404
3961683,"Why did Mobileye stock crash today? Blame China, Tesla",,,,0.421,0.579,0.0,-0.6249
3961484,"Wolfspeed, STMmicroelectronics lead chips lower as industry awaits Intel figures",,,,0.191,0.696,0.113,-0.2263
3961410,Mobileye stock plunges 20% as Tesla's price cuts are killing the Chinese EV market,,,,0.355,0.645,0.0,-0.765
3961288,Wolfspeed stock plunges as delays from Mohawk Valley facility hurts guidance,,,,0.237,0.763,0.0,-0.4767
3960636,"Hot Stocks: TSLA downgrade; AMZN, NOW climb; TMO falls on earnings; crypto stocks rise",,,,0.886,0.114,0.0,-0.9993
3960349,Tesla loses bull rating at Jefferies due to margin worries,,,,0.389,0.611,0.0,-0.6249
3959623,Tesla could be forced to cut prices further - Bernstein,,,,0.421,0.579,0.0,-0.6249
3958972,Tesla raises 2023 capital expenditure forecast,,,,0.0,1.0,0.0,0.0
3958906,Tesla ready to ship cars to North America from China for the first time,,,,0.0,0.839,0.161,0.3612
3958867,Tesla fallout: Will Detroit automakers slow down aggressive EV plans?,,,,0.151,0.849,0.0,-0.1531
3958629,Tesla attracts downgrade from Truist on theory that margins may be sacrificed now for long-term AI benefits,,,,0.0,0.739,0.261,0.6486
3958619,Automakers watch as Chile plans to nationalize its lithium industry,,,,0.0,1.0,0.0,0.0
3958572,Tesla reverses and hikes prices after months of cuts,,,,0.216,0.784,0.0,-0.296
3958571,"Cathie Wood puts a $2,000 price target on Tesla for 2027, driven by robotaxis",,,,0.0,1.0,0.0,0.0
3958455,Tesla skids 10% as investors eye the market share vs. profits tradeoff,,,,0.0,0.662,0.338,0.6249
3958195,"5 stocks to watch on Thursday: Tesla, IBM, AT&T and more",,,,0.0,1.0,0.0,0.0
3958198,Tesla slides after margin miss while the EV sector braces for potential pricing war,,,,0.314,0.686,0.0,-0.6705
3958014,"Tesla talks margin hopes, full autonomy and energy storage on conference call",,,,0.0,0.671,0.329,0.5994
3957957,"Tesla falls after lower pricing, high expenses contribute to margin miss",,,,0.929,0.071,0.0,-0.9993
3957920,"Tesla Non-GAAP EPS of $0.85 in-line, revenue of $23.3B misses by $60M",,,,0.353,0.647,0.0,-0.7906
3957786,Electric vehicle stocks drop as fears of a pricing war reverberate,,,,0.557,0.443,0.0,-0.8316
3957556,Tesla cuts U.S. prices for sixth time this year ahead of Q1 results,,,,0.155,0.845,0.0,-0.296
3957462,Tesla earnings preview: All eyes on those +20% automotive margins,,,,0.0,1.0,0.0,0.0
3957240,"Auto Shanghai update: Nissan unveils new EV concept, Polestar outlines production plans",,,,0.0,1.0,0.0,0.0
3957169,Nio wants to refrain from Tesla-led price wars - reports,,,,0.31,0.69,0.0,-0.5574
3957032,Meet the only electric vehicles that will qualify for the full U.S. tax credit,,,,0.0,0.833,0.167,0.3818
3956864,Investors strap in for Tesla earnings this week,,,,0.0,1.0,0.0,0.0
3956840,Renault to review prices as Tesla extends price reductions to Europe,,,,0.0,0.87,0.13,0.128
3956779,"After Tesla, rival Xpeng to cut costs in China with new vehicle manufacturing platform",,,,0.139,0.861,0.0,-0.2732
3956330,"NXP Semiconductors, Wolfspeed top chip stocks heading into earnings",,,,0.0,0.816,0.184,0.2023
3956682,"Earnings Week Ahead: Tesla, AT&T, Charles Schwab, Netflix, and more",,,,0.0,1.0,0.0,0.0
3956681,Elon Musk to start AI rival in challenge to OpenAI,,,,0.0,0.874,0.126,0.0772
3956620,"Catalyst Watch: Earnings season picks up steam, housing data due",,,,0.0,1.0,0.0,0.0
3956519,"Tesla expands its price cut to Europe, Singapore, and Israel",,,,0.183,0.696,0.122,-0.1779
3956036,Tesla to cut prices in Hong Kong by nearly double digit percentages - report,,,,0.149,0.851,0.0,-0.2732
3956031,"EPA proposes aggressive new ‘clean vehicle’ standards, projects EV acceleration",,,,0.151,0.849,0.0,-0.1531
3955976,Musk calls running Twitter 'really stressful'; odds rise on his replacement,,,,0.0,1.0,0.0,0.0
3955818,"Twitter is roughly breaking even, says Elon Musk",,,,0.0,1.0,0.0,0.0
3955317,"Tesla could continue cutting prices, analysts advise",,,,0.2,0.8,0.0,-0.128
3955257,"4 stocks to watch on Monday: Tesla, First Republic Bank, and more",,,,0.0,1.0,0.0,0.0
3955243,Tesla faces prospect of class action suit amid privacy concerns,,,,0.0,0.804,0.196,0.296
3955218,Tesla Q1 margin under radar following price cuts - Citi,,,,0.216,0.784,0.0,-0.296
3955203,Tesla to build new factory in Shanghai for Megapack battery,,,,0.0,1.0,0.0,0.0
3955182,Tesla cuts prices on all U.S. models,,,,0.268,0.732,0.0,-0.296
3955112,Biden admin plans to propose ‘toughest-ever US curbs’ on auto pollution - report,,,,0.0,1.0,0.0,0.0
3955093,"Tesla employees shared, made memes of images taken from customer cameras - report",,,,0.0,0.821,0.179,0.34
3955022,DWS Xtrackers Climate ETF becomes largest ETF launch in history with $2B,,,,0.0,1.0,0.0,0.0
3954998,"Goldman shifts to Neutral on Ferrari, Sell on Volvo Cars",,,,0.0,1.0,0.0,0.0
3954948,Toyota eyes EV strategy overhaul under new leadership - report,,,,0.0,1.0,0.0,0.0
3954809,Tesla nearly triples total workforce at Austin gigafactory,,,,0.0,1.0,0.0,0.0
3954726,Automakers likely driving toward overproduction - UBS,,,,0.0,1.0,0.0,0.0
3954203,"President Biden to discuss 'risks and opportunities' of AI with science, tech advisors",,,,0.134,0.701,0.166,0.128
3954151,Tesla's March sales of China-made EVs increased 35% Y/Y - CPCA,,,,0.0,0.811,0.189,0.2732
3953661,"EV stocks are in focus as investors weigh Tesla deliveries, pricing war and OPEC actions",,,,0.218,0.782,0.0,-0.5994
3953556,"Entegris, Wolfspeed, FormFactor slip as Citi downgrades trio",,,,0.0,1.0,0.0,0.0
3953553,"4 stocks to watch on Monday: Tesla, McDonald's and more",,,,0.0,1.0,0.0,0.0
3953376,"Tesla tops deliveries expectations with 422,875 cars moved in Q1",,,,0.0,0.732,0.268,0.5106
3953351,"Tesla has installed just 3,000 Solar Roof systems in U.S., Wood Mackenzie says",,,,0.0,1.0,0.0,0.0
3953276,"Catalyst watch: Tesla deliveries, Walmart event and jobs report headline big week",,,,0.0,1.0,0.0,0.0
3953292,ChatGPT gets temporarily banned in Italy for privacy issues,,,,0.273,0.727,0.0,-0.4588
3953235,Tesla issues first recall for Semi due to brake defect,,,,0.211,0.789,0.0,-0.34
3953058,"Elon Musk reportedly planning China visit, meeting with premier",,,,0.0,1.0,0.0,0.0
3952839,Tesla reportedly eyeing US-based battery plant alongside CATL,,,,0.0,1.0,0.0,0.0
3952346,"Elon Musk, Steve Wozniak join call to pause most AI development",,,,0.0,0.82,0.18,0.296
3952313,"Electric stuff: Tesla, Nio, Li Auto and XPeng could jolt the sector with new deliveries report",,,,0.0,1.0,0.0,0.0
3951804,Regulators open investigation into Tesla seat belt issues,,,,0.0,1.0,0.0,0.0
3951784,U.S. inks deal with Japan for critical minerals in EV batteries,,,,0.187,0.813,0.0,-0.3182
3951346,Musk offers Twitter employees stock grants based on $20B valuation,,,,0.0,0.826,0.174,0.2263
3951263,Electric vehicle buyers may be pulling back but Tesla is still running hot,,,,0.0,1.0,0.0,0.0
3949683,"Why did Tesla stock jump today? Strong China sales data, Moody’s upgrade",,,,0.0,0.769,0.231,0.5106
3949563,"EV stocks surge amid risk-on rally, positive signs from Tesla",,,,0.0,0.714,0.286,0.5574
3949405,Tesla likely to post strong Q1 retail sales in China - report,,,,0.0,0.752,0.248,0.5106
3949370,Volkswagen aims to be the global leader in cheap electric vehicles,,,,0.0,1.0,0.0,0.0
3949356,Tesla zooms out of Junk rating at Moody's making it a blue-chip credit company,,,,0.0,0.822,0.178,0.3818
3949354,BYD reportedly reduces shifts at multiple plants,,,,0.0,1.0,0.0,0.0
3948687,"Buy or sell? Auto stocks face supply, demand and inflation roadblocks",,,,0.13,0.87,0.0,-0.128
3947598,Tesla could be a ‘winner in the heat pump industry’ - Morgan Stanley,,,,0.0,1.0,0.0,0.0
3947285,Morgan Stanley highlights margin concerns for Rivian,,,,0.0,1.0,0.0,0.0
3946870,"Electric vehicles stocks slump after Silicon Valley Bank collapse adds to macro, funding concerns",,,,0.198,0.802,0.0,-0.4939
3946751,Tesla downgraded at Wolfe Research as SVB collapse weigh on automaker's macro outlook,,,,0.211,0.789,0.0,-0.4939
3946380,Tesla reportedly reaches out to Asian suppliers amid battery crunch,2023-03-10 06:43:58-05:00,2023-03-10,06:43:58,0.0,0.882,0.118,0.0516
3946024,Tesla may use the Ferrari model with the Cybertruck rollout,2023-03-09 10:59:08-05:00,2023-03-09,10:59:08,0.0,1.0,0.0,0.0
3945379,Tesla under investigation for Model Y steering wheel issues,2023-03-08 09:58:48-05:00,2023-03-08,09:58:48,0.0,1.0,0.0,0.0
3945230,Tesla is downgraded at Berenberg with the rally expected to cool off,2023-03-08 06:44:41-05:00,2023-03-08,06:44:41,0.0,0.827,0.173,0.3182
3944876,Tesla may start production in Mexico as early as 2024,2023-03-07 08:42:22-05:00,2023-03-07,08:42:22,0.0,1.0,0.0,0.0
3944300,Tesla slashes U.S. Model S and Model X prices to boost demand,2023-03-06 04:40:43-05:00,2023-03-06,04:40:43,0.254,0.538,0.208,0.1027
3943868,ON Semiconductor rises as Citi defends over Tesla worries,2023-03-03 09:17:02-05:00,2023-03-03,09:17:02,0.259,0.741,0.0,-0.4215
3943819,Tesla's bid to be the world's largest automaker could get a boost from huge Mexico Gigafactory,2023-03-03 08:03:23-05:00,2023-03-03,08:03:23,0.0,0.722,0.278,0.6124
3943769,Tesla's February sales of China-made EVs grows 32% Y/Y - CPCA,2023-03-03 05:59:55-05:00,2023-03-03,05:59:55,0.0,1.0,0.0,0.0
3943357,"Micron, Wolfspeed, ON lead chips lower as sector awaits Broadcom results",2023-03-02 12:08:04-05:00,2023-03-02,12:08:04,0.176,0.72,0.104,-0.2263
3943276,Wolfspeed defended by Roth MKM after Tesla-related drop causes worries,2023-03-02 09:32:29-05:00,2023-03-02,09:32:29,0.38,0.62,0.0,-0.5994
3943230,"7 stocks to watch on Thursday: Tesla, Salesforce, Macy’s and more",2023-03-02 08:36:45-05:00,2023-03-02,08:36:45,0.0,1.0,0.0,0.0
3943201,Tesla falls on save-the-Earth letdown but analysts think legacy automakers may be in big trouble,2023-03-02 08:00:39-05:00,2023-03-02,08:00:39,0.838,0.163,0.0,-0.9982
3943002,"Tesla among top S&P 500 gainers in February, Moderna one of the biggest losers",2023-03-01 19:19:19-05:00,2023-03-01,19:19:19,0.198,0.698,0.105,-0.3818
3942968,"Tesla's new master plan includes next-gen EV platform, leading Earth's path to a sustainable economy",2023-03-01 17:26:42-05:00,2023-03-01,17:26:42,0.0,1.0,0.0,0.0
3942442,Twitter faces significant outages ahead of Tesla investor day,2023-03-01 06:51:46-05:00,2023-03-01,06:51:46,0.0,0.816,0.184,0.2023
3942382,"Ahead of Investor day, Tesla said to revamp Model Y production",2023-03-01 04:19:16-05:00,2023-03-01,04:19:16,0.0,1.0,0.0,0.0
3941926,Tesla is expected to announce Mexico Gigafactory at Investor Day event,2023-02-28 12:04:38-05:00,2023-02-28,12:04:38,0.0,1.0,0.0,0.0
3941891,Tesla’s 2023 rally returns Elon Musk to status of world’s richest man,2023-02-28 11:19:17-05:00,2023-02-28,11:19:17,0.0,0.764,0.236,0.5267
3941150,Tesla pauses FSD Beta rollout until software update is available,2023-02-27 10:10:30-05:00,2023-02-27,10:10:30,0.0,1.0,0.0,0.0
3940940,Tesla Investor Day preview: Are cheaper electric vehicles part of the master plan?,2023-02-25 11:50:45-05:00,2023-02-25,11:50:45,0.0,1.0,0.0,0.0
3940433,"Catalyst watch: Tesla event, Microsoft talks OpenAI, Rivian earnings and Chevron",2023-02-24 14:00:00-05:00,2023-02-24,14:00:00,0.0,1.0,0.0,0.0
3940687,Wells Fargo sizes up Tesla’s aim to manufacture lower cost vehicles,2023-02-24 10:17:57-05:00,2023-02-24,10:17:57,0.167,0.682,0.152,-0.0516
